[
  {
    "name": "Casagrand Jubliant",
    "price": "55-70 lakh",
    "detail": "Avinashi Road",
    "image": "./r1.png"
  },
  {
    "name": "G-Square",
    "price": "40-50 lakh",
    "detail": "Shanthimedu,Coimbatore",
    "image": "./r2.png"
  },
  {
    "name": "Casagrand Nexttown",
    "price": "2cr-3-cr",
    "detail": "Bangalore,Karnataka",
    "image": "./r3.png"
  },
  {
    "name": "GreenField Villa",
    "price": "1cr-2cr",
    "detail": "WhiteField,Bangalore",
    "image": "./r1.png"
  },
  {
    "name": "John N Mark Residency",
    "price": "66 lakh",
    "detail": "Chepauk,Chennai",
    "image": "./r2.png"
  },
  {
    "name": "Temple Town",
    "price": "55 lakh",
    "detail": "VadaChennai,Chennai",
    "image": "./r3.png"
  }
]
